id,genre_id,anime_id
1,38,1
2,13,2
3,38,2
4,13,3
5,3,3
6,38,3
7,24,4
8,38,4
9,40,4
10,33,5
11,13,5
12,40,5
13,39,6
14,38,6
15,40,6
16,8,7
17,10,7
18,13,8
19,38,8
20,13,9
21,24,10
22,38,10
23,40,10
24,33,11
25,38,11
26,40,11
27,26,12
28,2,12
29,24,12
30,38,12
31,40,12
32,2,13
33,38,13
34,40,13
35,16,14
36,24,14
37,38,14
38,40,14
39,11,14
40,33,15
41,16,15
42,24,15
43,38,15
44,40,15
45,33,16
46,10,16
47,24,16
48,38,16
49,33,17
50,10,17
51,38,17
52,40,17
53,10,18
54,16,18
55,24,18
56,38,18
57,40,18
58,11,18
59,16,19
60,24,19
61,38,19
62,40,19
63,26,20
64,39,20
65,33,21
66,39,21
67,16,21
68,36,21
69,38,21
70,40,21
71,13,22
72,38,22
73,40,22
74,13,23
75,26,23
76,24,23
77,19,23
78,38,23
79,40,23
80,33,24
81,24,24
82,30,24
83,38,24
84,40,24
85,2,25
86,40,25
87,30,26
88,37,26
89,38,26
90,40,26
91,31,27
92,26,27
93,39,27
94,31,28
95,39,28
96,22,28
97,26,29
98,7,29
99,16,29
100,38,29
101,40,29
102,33,30
103,13,30
104,24,30
105,37,30
106,24,31
107,38,31
108,40,31
109,18,32
110,37,32
111,40,32
112,37,33
113,38,33
114,40,33
115,13,34
116,13,35
117,26,35
118,38,35
119,2,36
120,38,36
121,40,36
122,10,37
123,24,37
124,38,37
125,40,37
126,13,38
127,39,38
128,24,38
129,38,38
130,26,39
131,38,39
132,38,40
133,40,40
134,24,41
135,37,41
136,40,41
137,33,42
138,10,42
139,15,42
140,19,42
141,37,42
142,40,42
143,13,43
144,24,43
145,38,43
146,40,43
147,28,44
148,24,44
149,19,44
150,38,44
151,40,44
152,10,45
153,24,45
154,38,45
155,33,46
156,10,46
157,30,46
158,40,46
159,33,47
160,13,47
161,8,47
162,32,48
163,13,48
164,39,48
165,38,48
166,8,49
167,24,50
168,38,50
169,40,50
170,13,51
171,39,51
172,24,51
173,38,51
174,2,52
175,24,52
176,38,52
177,40,52
178,38,53
179,40,53
180,13,54
181,26,54
182,39,54
183,5,54
184,21,54
185,17,55
186,29,55
187,33,56
188,19,56
189,36,56
190,28,57
191,10,57
192,29,57
193,40,58
194,38,59
195,40,59
196,33,60
197,13,60
198,39,60
199,29,60
200,33,61
201,24,61
202,38,61
203,40,61
204,33,62
205,13,62
206,8,62
207,23,62
208,24,62
209,15,62
210,33,63
211,10,63
212,40,63
213,31,64
214,26,64
215,10,64
216,19,64
217,38,64
218,33,65
219,13,65
220,16,65
221,38,65
222,41,65
223,39,66
224,16,66
225,24,66
226,38,66
227,40,66
228,33,67
229,26,67
230,2,67
231,10,67
232,27,67
233,40,67
234,39,68
235,16,68
236,24,68
237,38,68
238,40,68
239,39,69
240,5,69
241,16,69
242,38,69
243,40,69
244,38,70
245,40,70
246,13,71
247,16,71
248,21,71
249,38,71
250,11,71
251,13,72
252,6,72
253,16,72
254,24,72
255,38,72
256,11,72
257,33,73
258,13,73
259,26,73
260,39,73
261,5,73
262,10,73
263,13,74
264,16,74
265,38,74
266,10,75
267,24,75
268,19,75
269,38,75
270,40,75
271,33,76
272,7,76
273,38,76
274,40,76
275,26,77
276,39,77
277,16,77
278,19,77
279,37,77
280,38,77
281,40,77
282,15,78
283,30,78
284,38,78
285,40,78
286,24,79
287,38,79
288,40,79
289,13,80
290,26,80
291,39,80
292,5,80
293,18,80
294,24,80
295,37,80
296,13,81
297,10,81
298,13,82
299,38,82
300,41,82
301,33,83
302,13,83
303,26,83
304,13,84
305,39,84
306,24,84
307,38,84
308,33,85
309,13,85
310,24,85
311,37,85
312,7,86
313,18,86
314,37,86
315,40,86
316,33,87
317,7,87
318,38,87
319,40,87
320,33,88
321,10,88
322,37,88
323,38,88
324,40,88
325,10,89
326,25,89
327,36,89
328,38,89
329,40,89
330,35,89
331,13,90
332,24,90
333,38,90
334,40,90
335,13,91
336,26,91
337,39,91
338,10,91
339,19,91
340,38,91
341,39,92
342,10,92
343,25,92
344,35,92
345,13,93
346,33,94
347,13,94
348,26,94
349,39,94
350,22,94
351,33,95
352,13,95
353,39,95
354,19,95
355,37,95
356,40,95
357,41,95
358,33,96
359,5,96
360,37,96
361,41,96
362,39,97
363,10,97
364,25,97
365,35,97
366,18,98
367,20,98
368,37,98
369,13,99
370,26,99
371,39,99
372,10,99
373,9,100
374,13,100
375,26,100
376,16,100
377,38,100
378,11,100
379,33,101
380,10,101
381,15,101
382,19,101
383,37,101
384,40,101
385,28,102
386,4,102
387,10,102
388,12,102
389,40,102
390,33,103
391,13,103
392,16,103
393,24,103
394,38,103
395,40,103
396,11,103
397,26,104
398,24,104
399,37,104
400,38,104
401,40,104
402,13,105
403,26,105
404,39,105
405,5,105
406,37,105
407,41,105
408,28,106
409,13,106
410,26,106
411,39,106
412,8,107
413,10,107
414,16,107
415,24,107
416,37,107
417,38,107
418,28,108
419,8,108
420,38,108
421,13,109
422,38,109
423,41,109
424,8,110
425,10,110
426,24,110
427,38,110
428,40,110
429,13,111
430,37,111
431,38,111
432,40,111
433,41,111
434,13,112
435,39,112
436,38,112
437,26,113
438,24,113
439,37,113
440,38,113
441,40,113
442,31,114
443,13,114
444,26,114
445,39,114
446,22,114
447,26,115
448,24,115
449,37,115
450,38,115
451,40,115
452,13,116
453,39,116
454,7,116
455,16,116
456,38,116
457,40,116
458,11,116
459,33,117
460,8,117
461,10,117
462,19,117
463,38,117
464,35,117
465,33,118
466,13,118
467,26,118
468,39,118
469,5,118
470,33,119
471,13,119
472,26,119
473,39,119
474,5,119
475,13,120
476,26,120
477,39,120
478,22,120
479,13,121
480,10,121
481,22,121
482,24,121
483,38,121
484,13,122
485,26,122
486,39,122
487,7,123
488,10,123
489,16,123
490,24,123
491,38,123
492,40,123
493,11,123
494,28,124
495,10,124
496,29,124
497,13,125
498,10,125
499,22,125
500,24,125
501,38,125
502,13,126
503,5,126
504,38,126
505,41,126
506,33,127
507,3,127
508,8,127
509,38,127
510,40,127
511,16,128
512,24,128
513,38,128
514,11,128
515,24,129
516,38,129
517,13,130
518,26,130
519,5,130
520,16,130
521,38,130
522,40,130
523,11,130
524,24,131
525,37,131
526,38,131
527,40,131
528,39,132
529,10,132
530,22,132
531,16,133
532,24,133
533,37,133
534,38,133
535,11,133
536,28,134
537,13,134
538,10,134
539,22,134
540,23,134
541,15,134
542,31,135
543,26,135
544,39,135
545,10,135
546,13,136
547,10,136
548,24,136
549,38,136
550,25,137
551,37,137
552,40,137
553,13,138
554,10,138
555,22,138
556,19,138
557,37,138
558,33,139
559,26,139
560,10,139
561,16,139
562,38,139
563,13,140
564,10,140
565,17,140
566,40,140
567,13,141
568,22,141
569,41,141
570,10,142
571,16,142
572,24,142
573,25,142
574,38,142
575,35,142
576,11,142
577,28,143
578,13,143
579,39,143
580,25,143
581,33,144
582,10,144
583,25,144
584,19,144
585,38,144
586,35,144
587,28,145
588,13,145
589,16,145
590,36,145
591,37,145
592,38,145
593,40,145
594,28,146
595,13,146
596,21,146
597,30,146
598,37,146
599,40,146
600,19,147
601,37,147
602,38,147
603,40,147
604,13,148
605,19,148
606,30,148
607,37,148
608,40,148
609,33,149
610,7,149
611,38,149
612,40,149
613,39,150
614,10,150
615,29,150
616,33,151
617,13,151
618,39,151
619,32,152
620,26,152
621,39,152
622,10,152
623,26,153
624,2,153
625,24,153
626,38,153
627,40,153
628,24,154
629,25,154
630,36,154
631,38,154
632,35,154
633,33,155
634,13,155
635,26,155
636,5,155
637,19,155
638,37,155
639,38,155
640,41,155
641,33,156
642,13,156
643,26,156
644,5,156
645,19,156
646,37,156
647,38,156
648,41,156
649,33,157
650,13,157
651,2,157
652,24,157
653,38,157
654,40,157
655,33,158
656,13,158
657,40,158
658,13,159
659,26,159
660,39,159
661,10,159
662,19,159
663,38,159
664,37,160
665,38,160
666,40,160
667,8,161
668,10,161
669,25,161
670,35,161
671,39,162
672,16,162
673,38,162
674,40,162
675,10,163
676,18,163
677,37,163
678,40,163
679,33,164
680,7,164
681,36,164
682,38,164
683,40,164
684,1,165
685,10,165
686,18,165
687,25,165
688,37,165
689,40,165
690,35,165
691,10,166
692,15,166
693,40,166
694,13,167
695,10,167
696,24,167
697,37,167
698,40,167
699,33,168
700,24,168
701,40,168
702,13,169
703,26,169
704,39,169
705,10,169
706,19,169
707,38,169
708,39,170
709,10,170
710,20,170
711,24,171
712,37,171
713,38,171
714,40,171
715,24,172
716,38,172
717,40,172
718,33,173
719,13,173
720,40,173
721,13,174
722,26,174
723,16,175
724,24,175
725,38,175
726,40,175
727,33,176
728,13,176
729,39,176
730,24,176
731,19,176
732,40,176
733,13,177
734,21,177
735,30,177
736,37,177
737,40,177
738,13,178
739,10,178
740,16,178
741,24,178
742,38,178
743,41,178
744,11,178
745,10,179
746,19,179
747,38,179
748,40,179
749,35,179
750,13,180
751,38,180
752,40,180
753,11,180
754,13,181
755,26,181
756,39,181
757,22,181
758,41,181
759,3,182
760,8,182
761,38,182
762,13,183
763,26,183
764,13,184
765,19,184
766,36,184
767,40,184
768,33,185
769,13,185
770,24,185
771,38,185
772,40,185
773,33,186
774,13,186
775,14,186
776,24,186
777,37,186
778,38,186
779,40,186
780,26,187
781,24,187
782,37,187
783,38,187
784,40,187
785,16,188
786,24,188
787,38,188
788,11,188
789,33,189
790,24,189
791,38,189
792,40,189
793,26,190
794,39,190
795,10,190
796,19,190
797,38,190
798,13,191
799,10,191
800,19,191
801,38,191
802,33,192
803,13,192
804,26,192
805,33,193
806,10,193
807,25,193
808,37,193
809,35,193
810,28,194
811,19,194
812,38,194
813,40,194
814,8,195
815,38,195
816,40,195
817,35,195
818,31,196
819,26,196
820,38,196
821,13,197
822,7,197
823,16,197
824,38,197
825,33,198
826,10,198
827,15,198
828,19,198
829,37,198
830,40,198
831,33,199
832,13,199
833,26,199
834,38,199
835,37,200
836,20,201
837,37,201
838,40,201
839,35,201
840,13,202
841,10,202
842,19,202
843,38,202
844,39,203
845,5,203
846,7,203
847,16,203
848,38,203
849,40,203
850,41,203
851,13,204
852,10,204
853,16,204
854,24,204
855,38,204
856,41,204
857,11,204
858,33,205
859,26,205
860,39,205
861,5,206
862,16,206
863,38,206
864,11,206
865,13,207
866,39,207
867,7,207
868,16,207
869,38,207
870,40,207
871,11,207
872,13,208
873,26,208
874,5,208
875,41,208
876,13,209
877,26,209
878,39,209
879,5,209
880,33,210
881,39,210
882,10,210
883,29,210
884,28,211
885,13,211
886,26,211
887,39,211
888,10,211
889,31,212
890,26,212
891,16,212
892,24,212
893,38,212
894,8,213
895,10,213
896,19,213
897,37,213
898,13,214
899,10,214
900,16,214
901,24,214
902,38,214
903,11,214
904,13,215
905,16,215
906,38,215
907,11,215
908,26,216
909,38,216
910,13,217
911,8,217
912,24,217
913,19,217
914,30,217
915,37,217
916,40,217
917,33,218
918,13,218
919,26,218
920,39,218
921,2,219
922,24,219
923,13,220
924,8,220
925,10,220
926,24,220
927,38,220
928,40,220
929,13,221
930,26,221
931,39,221
932,13,222
933,7,222
934,16,222
935,38,222
936,28,223
937,19,223
938,38,223
939,40,223
940,24,224
941,38,224
942,13,225
943,2,225
944,24,225
945,38,225
946,40,225
947,24,226
948,38,226
949,10,227
950,38,227
951,8,228
952,10,228
953,24,228
954,37,228
955,38,228
956,33,229
957,26,229
958,10,229
959,16,229
960,38,229
961,39,230
962,25,230
963,41,230
964,35,230
965,39,231
966,18,231
967,38,231
968,13,232
969,16,232
970,38,232
971,16,233
972,38,233
973,11,233
974,33,234
975,13,234
976,19,234
977,38,234
978,28,235
979,13,235
980,8,235
981,24,235
982,19,235
983,30,235
984,37,235
985,40,235
986,4,236
987,38,236
988,40,236
989,11,236
990,13,237
991,2,237
992,8,237
993,10,237
994,30,237
995,40,237
996,36,238
997,37,238
998,40,238
999,39,239
1000,16,239
1001,24,239
1002,38,239
1003,40,239
1004,13,240
1005,8,240
1006,10,240
1007,24,240
1008,38,240
1009,40,240
1010,13,241
1011,2,241
1012,8,241
1013,10,241
1014,24,241
1015,30,241
1016,40,241
1017,26,242
1018,2,242
1019,7,242
1020,24,242
1021,38,242
1022,40,242
1023,26,243
1024,2,243
1025,24,243
1026,38,243
1027,40,243
1028,39,244
1029,16,244
1030,24,244
1031,38,244
1032,40,244
1033,13,245
1034,10,245
1035,24,245
1036,37,245
1037,40,245
1038,26,246
1039,2,246
1040,7,246
1041,24,246
1042,19,246
1043,38,246
1044,40,246
1045,39,247
1046,16,247
1047,24,247
1048,38,247
1049,40,247
1050,26,248
1051,2,248
1052,24,248
1053,38,248
1054,40,248
1055,13,249
1056,2,249
1057,8,249
1058,10,249
1059,24,249
1060,30,249
1061,40,249
1062,26,250
1063,2,250
1064,7,250
1065,24,250
1066,19,250
1067,38,250
1068,40,250
1069,26,251
1070,2,251
1071,24,251
1072,38,251
1073,40,251
1074,26,252
1075,2,252
1076,24,252
1077,38,252
1078,40,252
1079,24,253
1080,38,253
1081,40,253
1082,39,254
1083,16,254
1084,24,254
1085,38,254
1086,40,254
1087,13,255
1088,26,255
1089,2,255
1090,8,255
1091,10,255
1092,30,255
1093,40,255
1094,13,256
1095,8,256
1096,10,256
1097,24,256
1098,38,256
1099,40,256
1100,26,257
1101,2,257
1102,7,257
1103,24,257
1104,38,257
1105,40,257
1106,26,258
1107,7,258
1108,16,258
1109,38,258
1110,40,258
1111,26,259
1112,2,259
1113,7,259
1114,24,259
1115,38,259
1116,40,259
1117,26,260
1118,2,260
1119,7,260
1120,24,260
1121,38,260
1122,40,260
1123,26,261
1124,30,262
1125,37,262
1126,40,262
1127,13,263
1128,19,263
1129,30,263
1130,37,263
1131,40,263
1132,13,264
1133,26,264
1134,19,264
1135,38,264
1136,28,265
1137,13,265
1138,5,265
1139,41,265
1140,13,266
1141,10,266
1142,19,266
1143,38,266
1144,33,267
1145,10,267
1146,37,267
1147,38,267
1148,40,267
1149,35,267
1150,13,268
1151,7,268
1152,16,268
1153,38,268
1154,28,269
1155,8,269
1156,10,269
1157,24,269
1158,38,269
1159,40,269
1160,13,270
1161,15,270
1162,40,270
1163,33,271
1164,13,271
1165,30,271
1166,40,271
1167,39,272
1168,3,272
1169,8,272
1170,19,272
1171,36,272
1172,38,272
1173,40,272
1174,13,273
1175,39,273
1176,22,273
1177,29,273
1178,33,274
1179,29,274
1180,34,275
1181,13,275
1182,39,275
1183,22,275
1184,28,276
1185,13,276
1186,16,276
1187,21,276
1188,24,276
1189,38,276
1190,40,276
1191,28,277
1192,10,277
1193,12,277
1194,24,277
1195,40,277
1196,13,278
1197,39,278
1198,24,278
1199,38,278
1200,13,279
1201,10,279
1202,22,279
1203,24,279
1204,38,279
1205,13,280
1206,10,280
1207,17,280
1208,29,280
1209,40,280
1210,24,281
1211,38,281
1212,24,282
1213,37,282
1214,24,283
1215,38,283
1216,40,283
1217,13,284
1218,26,284
1219,39,284
1220,10,284
1221,37,285
1222,2,286
1223,38,286
1224,40,286
1225,13,287
1226,24,287
1227,38,287
1228,40,287
1229,24,288
1230,19,288
1231,38,288
1232,40,288
1233,24,289
1234,19,289
1235,38,289
1236,40,289
1237,2,290
1238,24,290
1239,13,291
1240,2,291
1241,38,291
1242,40,291
1243,14,292
1244,18,292
1245,37,292
1246,40,292
1247,2,293
1248,24,293
1249,38,293
1250,40,293
1251,34,294
1252,13,294
1253,22,294
1254,33,295
1255,13,295
1256,26,295
1257,39,295
1258,22,295
1259,13,296
1260,7,296
1261,16,296
1262,38,296
1263,33,297
1264,13,297
1265,26,297
1266,39,297
1267,5,297
1268,10,297
1269,13,298
1270,16,298
1271,21,298
1272,24,298
1273,38,298
1274,40,298
1275,11,298
1276,33,299
1277,8,299
1278,15,299
1279,25,299
1280,35,299
1281,33,300
1282,8,300
1283,15,300
1284,25,300
1285,35,300
1286,28,301
1287,13,301
1288,39,301
1289,33,302
1290,13,302
1291,26,302
1292,3,302
1293,19,302
1294,38,302
1295,33,303
1296,13,303
1297,8,303
1298,24,303
1299,15,303
1300,19,303
1301,30,303
1302,38,303
1303,40,303
1304,28,304
1305,10,304
1306,19,304
1307,30,304
1308,38,304
1309,40,304
1310,13,305
1311,16,305
1312,24,305
1313,37,305
1314,38,305
1315,11,305
1316,33,306
1317,13,306
1318,16,306
1319,38,306
1320,40,306
1321,9,307
1322,13,307
1323,10,307
1324,22,307
1325,8,308
1326,10,308
1327,24,308
1328,37,308
1329,38,308
1330,26,309
1331,16,309
1332,24,309
1333,37,309
1334,38,309
1335,24,310
1336,19,310
1337,38,310
1338,13,311
1339,10,311
1340,16,311
1341,24,311
1342,38,311
1343,33,312
1344,13,312
1345,24,312
1346,38,312
1347,40,312
1348,8,313
1349,10,313
1350,25,313
1351,38,313
1352,31,314
1353,26,314
1354,10,314
1355,33,315
1356,24,315
1357,38,315
1358,40,315
1359,26,316
1360,10,316
1361,12,316
1362,8,317
1363,10,317
1364,24,317
1365,37,317
1366,38,317
1367,33,318
1368,24,318
1369,38,318
1370,40,318
1371,8,319
1372,18,319
1373,23,319
1374,15,319
1375,25,319
1376,37,319
1377,40,319
1378,13,320
1379,26,320
1380,10,320
1381,24,320
1382,38,320
1383,40,320
1384,33,321
1385,13,321
1386,10,321
1387,20,321
1388,24,321
1389,38,321
1390,40,321
1391,8,322
1392,10,322
1393,22,322
1394,24,322
1395,19,322
1396,36,322
1397,38,322
1398,35,322
1399,10,323
1400,18,323
1401,23,323
1402,25,323
1403,37,323
1404,38,323
1405,35,323
1406,33,324
1407,13,324
1408,10,324
1409,24,324
1410,38,324
1411,40,324
1412,13,325
1413,39,325
1414,10,325
1415,20,325
1416,24,325
1417,26,326
1418,10,326
1419,33,327
1420,13,327
1421,24,327
1422,38,327
1423,40,327
1424,26,328
1425,10,328
1426,24,328
1427,38,328
1428,33,329
1429,29,329
1430,33,330
1431,13,330
1432,16,330
1433,24,330
1434,38,330
1435,40,330
1436,4,331
1437,10,331
1438,24,331
1439,37,331
1440,38,331
1441,24,332
1442,38,332
1443,33,333
1444,13,333
1445,24,333
1446,38,333
1447,40,333
1448,33,334
1449,13,334
1450,10,334
1451,24,334
1452,38,334
1453,40,334
1454,33,335
1455,24,335
1456,38,335
1457,40,335
1458,33,336
1459,13,336
1460,29,336
1461,38,336
1462,33,337
1463,13,337
1464,24,337
1465,38,337
1466,40,337
1467,33,338
1468,13,338
1469,29,338
1470,38,338
1471,33,339
1472,13,339
1473,24,339
1474,38,339
1475,40,339
1476,33,340
1477,13,340
1478,38,340
1479,33,341
1480,13,341
1481,24,341
1482,38,341
1483,40,341
1484,33,342
1485,13,342
1486,2,342
1487,24,342
1488,30,342
1489,37,342
1490,40,342
1491,8,343
1492,10,343
1493,19,343
1494,37,343
1495,33,344
1496,13,344
1497,24,344
1498,37,344
1499,38,344
1500,40,344
1501,24,345
1502,38,345
1503,33,346
1504,24,346
1505,38,346
1506,40,346
1507,33,347
1508,13,347
1509,24,347
1510,38,347
1511,40,347
1512,33,348
1513,13,348
1514,10,348
1515,24,348
1516,38,348
1517,40,348
1518,13,349
1519,26,349
1520,39,349
1521,5,349
1522,7,349
1523,38,349
1524,41,349
1525,10,350
1526,22,350
1527,33,351
1528,24,351
1529,38,351
1530,40,351
1531,33,352
1532,7,352
1533,16,352
1534,24,352
1535,19,352
1536,38,352
1537,40,352
1538,9,353
1539,26,353
1540,10,353
1541,33,354
1542,24,354
1543,38,354
1544,40,354
1545,33,355
1546,24,355
1547,38,355
1548,40,355
1549,26,356
1550,10,356
1551,37,356
1552,33,357
1553,13,357
1554,24,357
1555,38,357
1556,40,357
1557,8,358
1558,10,358
1559,24,358
1560,19,358
1561,38,358
1562,33,359
1563,13,359
1564,2,359
1565,24,359
1566,30,359
1567,38,359
1568,40,359
1569,26,360
1570,10,360
1571,38,361
1572,24,362
1573,38,362
1574,33,363
1575,24,363
1576,38,363
1577,40,363
1578,13,364
1579,8,364
1580,19,364
1581,30,364
1582,38,364
1583,40,364
1584,26,365
1585,10,365
1586,24,366
1587,37,366
1588,33,367
1589,13,367
1590,24,367
1591,38,367
1592,40,367
1593,13,368
1594,26,368
1595,39,368
1596,10,368
1597,24,368
1598,19,368
1599,38,368
1600,33,369
1601,13,369
1602,26,369
1603,24,369
1604,38,369
1605,40,369
1606,33,370
1607,24,370
1608,38,370
1609,40,370
1610,33,371
1611,13,371
1612,30,371
1613,37,371
1614,40,371
1615,8,372
1616,18,372
1617,23,372
1618,25,372
1619,37,372
1620,40,372
1621,10,373
1622,18,373
1623,30,373
1624,37,373
1625,38,373
1626,40,373
1627,13,374
1628,24,374
1629,38,374
1630,40,374
1631,10,375
1632,24,375
1633,37,375
1634,38,375
1635,33,376
1636,13,376
1637,2,376
1638,24,376
1639,38,376
1640,40,376
1641,8,377
1642,18,377
1643,15,377
1644,25,377
1645,37,377
1646,40,377
1647,35,377
1648,34,378
1649,26,378
1650,10,378
1651,20,378
1652,10,379
1653,24,379
1654,19,379
1655,38,379
1656,28,380
1657,10,380
1658,20,380
1659,19,380
1660,38,380
1661,19,381
1662,37,381
1663,38,381
1664,40,381
1665,33,382
1666,13,382
1667,26,382
1668,37,382
1669,33,383
1670,24,383
1671,38,383
1672,40,383
1673,35,383
1674,13,384
1675,14,384
1676,24,384
1677,15,384
1678,37,384
1679,40,384
1680,33,385
1681,16,385
1682,24,385
1683,38,385
1684,40,385
1685,16,386
1686,24,386
1687,38,386
1688,40,386
1689,11,386
1690,28,387
1691,8,387
1692,24,387
1693,37,387
1694,10,388
1695,38,388
1696,10,389
1697,25,389
1698,19,389
1699,38,389
1700,35,389
1701,1,390
1702,10,390
1703,25,390
1704,36,390
1705,35,390
1706,26,391
1707,39,391
1708,10,391
1709,10,392
1710,22,392
1711,38,392
1712,3,393
1713,8,393
1714,19,393
1715,38,393
1716,40,393
1717,33,394
1718,7,394
1719,38,394
1720,40,394
1721,13,395
1722,39,395
1723,8,395
1724,24,395
1725,19,395
1726,37,395
1727,8,396
1728,10,396
1729,24,396
1730,37,396
1731,38,396
1732,26,397
1733,10,397
1734,24,397
1735,38,397
1736,10,398
1737,24,398
1738,38,398
1739,40,398
1740,24,399
1741,19,399
1742,38,399
1743,4,400
1744,10,400
1745,38,400
1746,33,401
1747,13,401
1748,10,401
1749,21,401
1750,27,401
1751,37,401
1752,40,401
1753,33,402
1754,13,402
1755,26,402
1756,39,402
1757,22,402
1758,4,403
1759,10,403
1760,12,403
1761,33,404
1762,39,404
1763,10,404
1764,3,405
1765,8,405
1766,19,405
1767,38,405
1768,40,405
1769,33,406
1770,38,406
1771,40,406
1772,10,407
1773,37,407
1774,9,408
1775,26,408
1776,38,408
1777,10,409
1778,14,409
1779,25,409
1780,36,409
1781,37,409
1782,38,409
1783,35,409
1784,33,410
1785,13,410
1786,26,410
1787,12,410
1788,24,410
1789,27,410
1790,40,410
1791,1,411
1792,8,411
1793,10,411
1794,25,411
1795,19,411
1796,37,411
1797,35,411
1798,1,412
1799,8,412
1800,10,412
1801,25,412
1802,19,412
1803,36,412
1804,13,413
1805,1,413
1806,18,413
1807,21,413
1808,25,413
1809,37,413
1810,40,413
1811,31,414
1812,13,414
1813,26,414
1814,39,414
1815,10,414
1816,19,414
1817,38,414
1818,3,415
1819,19,415
1820,36,415
1821,38,415
1822,40,415
1823,35,415
1824,33,416
1825,13,416
1826,16,416
1827,24,416
1828,19,416
1829,30,416
1830,38,416
1831,40,416
1832,33,417
1833,13,417
1834,39,417
1835,10,417
1836,19,417
1837,29,417
1838,38,417
1839,33,418
1840,4,418
1841,10,418
1842,18,418
1843,24,418
1844,37,418
1845,8,419
1846,10,419
1847,25,419
1848,38,419
1849,8,420
1850,18,420
1851,23,420
1852,15,420
1853,37,420
1854,40,420
1855,35,420
1856,34,421
1857,26,421
1858,39,421
1859,10,421
1860,12,421
1861,19,421
1862,38,421
1863,40,421
1864,13,422
1865,18,422
1866,37,422
1867,40,422
1868,18,423
1869,23,423
1870,15,423
1871,37,423
1872,40,423
1873,35,423
1874,13,424
1875,26,424
1876,39,424
1877,10,424
1878,37,424
1879,10,425
1880,16,425
1881,24,425
1882,38,425
1883,40,425
1884,26,426
1885,10,426
1886,14,426
1887,24,426
1888,37,426
1889,26,427
1890,3,427
1891,8,427
1892,19,427
1893,30,427
1894,36,427
1895,38,427
1896,40,427
1897,10,428
1898,15,428
1899,30,428
1900,37,428
1901,40,428
1902,8,429
1903,10,429
1904,24,429
1905,37,429
1906,38,429
1907,40,429
1908,31,430
1909,13,430
1910,26,430
1911,39,430
1912,24,430
1913,38,430
1914,40,430
1915,4,431
1916,18,431
1917,24,431
1918,37,431
1919,40,431
1920,10,432
1921,25,432
1922,37,432
1923,40,432
1924,33,433
1925,13,433
1926,10,433
1927,24,433
1928,38,433
1929,40,433
1930,33,434
1931,13,434
1932,26,434
1933,39,434
1934,22,434
1935,13,435
1936,24,435
1937,27,435
1938,40,435
1939,33,436
1940,13,436
1941,24,436
1942,37,436
1943,40,436
1944,41,436
1945,33,437
1946,13,437
1947,26,437
1948,39,437
1949,22,437
1950,1,438
1951,8,438
1952,10,438
1953,23,438
1954,15,438
1955,25,438
1956,19,438
1957,38,438
1958,35,438
1959,33,439
1960,13,439
1961,26,439
1962,10,439
1963,41,439
1964,10,440
1965,17,440
1966,29,440
1967,40,440
1968,9,441
1969,13,441
1970,39,441
1971,10,441
1972,22,441
1973,15,441
1974,18,442
1975,24,442
1976,27,442
1977,37,442
1978,33,443
1979,13,443
1980,26,443
1981,5,443
1982,10,443
1983,37,443
1984,41,443
1985,33,444
1986,13,444
1987,10,444
1988,29,444
1989,33,445
1990,14,445
1991,18,445
1992,24,445
1993,25,445
1994,19,445
1995,36,445
1996,37,445
1997,38,445
1998,10,446
1999,25,446
2000,19,446
2001,36,446
2002,37,446
2003,40,446
2004,41,446
2005,33,447
2006,13,447
2007,10,447
2008,20,447
2009,22,447
2010,3,448
2011,10,448
2012,19,448
2013,36,448
2014,37,448
2015,38,448
2016,40,448
2017,3,449
2018,8,449
2019,10,449
2020,24,449
2021,19,449
2022,36,449
2023,40,449
2024,2,450
2025,10,450
2026,38,450
2027,40,450
2028,26,451
2029,39,451
2030,10,451
2031,24,451
2032,38,451
2033,40,451
2034,33,452
2035,13,452
2036,26,452
2037,39,452
2038,26,453
2039,10,453
2040,24,453
2041,27,453
2042,19,453
2043,38,453
2044,40,453
2045,9,454
2046,13,454
2047,26,454
2048,39,454
2049,10,454
2050,8,455
2051,10,455
2052,24,455
2053,25,455
2054,37,455
2055,8,456
2056,15,456
2057,40,456
2058,8,457
2059,10,457
2060,25,457
2061,19,457
2062,33,458
2063,13,458
2064,39,458
2065,31,459
2066,13,459
2067,26,459
2068,39,459
2069,33,460
2070,13,460
2071,39,460
2072,2,460
2073,40,460
2074,13,461
2075,26,461
2076,39,461
2077,5,461
2078,24,461
2079,38,461
2080,40,461
2081,41,461
2082,33,462
2083,13,462
2084,21,462
2085,27,462
2086,37,462
2087,38,462
2088,40,462
2089,8,463
2090,15,463
2091,40,463
2092,13,464
2093,26,464
2094,10,464
2095,25,464
2096,31,465
2097,13,465
2098,26,465
2099,10,465
2100,20,465
2101,26,466
2102,16,466
2103,24,466
2104,19,466
2105,38,466
2106,40,466
2107,39,467
2108,10,467
2109,18,467
2110,24,467
2111,30,467
2112,37,467
2113,40,467
2114,35,467
2115,33,468
2116,13,468
2117,3,468
2118,19,468
2119,36,468
2120,38,468
2121,40,468
2122,13,469
2123,39,469
2124,8,469
2125,22,469
2126,37,469
2127,1,470
2128,8,470
2129,25,470
2130,19,470
2131,36,470
2132,35,470
2133,13,471
2134,8,471
2135,10,471
2136,19,471
2137,38,471
2138,8,472
2139,25,472
2140,19,472
2141,36,472
2142,38,472
2143,35,472
2144,39,473
2145,2,473
2146,8,473
2147,10,473
2148,16,473
2149,36,473
2150,38,473
2151,40,473
2152,39,474
2153,2,474
2154,10,474
2155,16,474
2156,19,474
2157,36,474
2158,38,474
2159,40,474
2160,24,475
2161,38,475
2162,40,475
2163,9,476
2164,13,476
2165,26,476
2166,20,476
2167,13,477
2168,26,477
2169,39,477
2170,5,477
2171,24,477
2172,38,477
2173,40,477
2174,41,477
2175,9,478
2176,13,478
2177,26,478
2178,20,478
2179,13,479
2180,26,479
2181,39,479
2182,5,479
2183,24,479
2184,38,479
2185,40,479
2186,41,479
2187,13,480
2188,10,480
2189,18,480
2190,24,480
2191,37,480
2192,40,480
2193,13,481
2194,8,481
2195,19,481
2196,38,481
2197,40,481
2198,7,482
2199,19,482
2200,36,482
2201,38,482
2202,40,482
2203,2,483
2204,10,483
2205,25,483
2206,27,483
2207,40,483
2208,8,484
2209,10,484
2210,30,484
2211,37,484
2212,40,484
2213,8,485
2214,10,485
2215,25,485
2216,19,485
2217,38,485
2218,35,485
2219,8,486
2220,25,486
2221,19,486
2222,36,486
2223,35,486
2224,26,487
2225,39,487
2226,10,487
2227,19,487
2228,33,488
2229,13,488
2230,39,488
2231,10,488
2232,21,488
2233,26,489
2234,39,489
2235,10,489
2236,24,489
2237,38,489
2238,40,489
2239,33,490
2240,10,490
2241,24,490
2242,30,490
2243,38,490
2244,40,490
2245,31,491
2246,13,491
2247,26,491
2248,39,491
2249,26,492
2250,8,492
2251,10,492
2252,33,493
2253,2,493
2254,24,493
2255,37,493
2256,38,493
2257,40,493
2258,35,493
2259,37,494
2260,38,494
2261,40,494
2262,41,494
2263,26,495
2264,14,495
2265,24,495
2266,25,495
2267,37,495
2268,32,496
2269,8,496
2270,19,496
2271,36,496
2272,37,496
2273,40,496
2274,9,497
2275,13,497
2276,26,497
2277,20,497
2278,5,498
2279,8,498
2280,25,498
2281,19,498
2282,36,498
2283,37,498
2284,31,499
2285,13,499
2286,26,499
2287,10,499
2288,13,500
2289,16,500
2290,30,500
2291,37,500
2292,38,500
2293,40,500
2294,31,501
2295,26,501
2296,3,501
2297,8,501
2298,10,501
2299,19,501
2300,38,501
2301,31,502
2302,26,502
2303,3,502
2304,8,502
2305,10,502
2306,19,502
2307,8,503
2308,10,503
2309,25,503
2310,19,503
2311,35,503
2312,10,504
2313,18,504
2314,24,504
2315,30,504
2316,37,504
2317,40,504
2318,35,504
2319,34,505
2320,13,505
2321,26,505
2322,10,505
2323,33,506
2324,13,506
2325,10,506
2326,15,506
2327,19,506
2328,30,506
2329,38,506
2330,40,506
2331,34,507
2332,13,507
2333,26,507
2334,10,507
2335,33,508
2336,13,508
2337,26,508
2338,39,508
2339,5,508
2340,37,508
2341,41,508
2342,26,509
2343,8,509
2344,10,509
2345,19,509
2346,33,510
2347,13,510
2348,8,510
2349,10,510
2350,15,510
2351,19,510
2352,40,510
2353,33,511
2354,13,511
2355,26,511
2356,39,511
2357,3,511
2358,5,511
2359,38,511
2360,41,511
2361,13,512
2362,8,512
2363,10,512
2364,19,512
2365,38,512
2366,26,513
2367,24,513
2368,38,513
2369,33,514
2370,13,514
2371,39,514
2372,24,514
2373,38,514
2374,40,514
2375,13,515
2376,26,515
2377,39,515
2378,3,515
2379,5,515
2380,38,515
2381,41,515
2382,25,516
2383,29,516
2384,13,517
2385,5,517
2386,24,517
2387,30,517
2388,38,517
2389,40,517
2390,41,517
2391,31,518
2392,13,518
2393,10,518
2394,22,518
2395,19,518
2396,38,518
2397,33,519
2398,13,519
2399,39,519
2400,21,519
2401,13,520
2402,10,520
2403,24,520
2404,38,520
2405,13,521
2406,26,521
2407,10,521
2408,19,521
2409,8,522
2410,25,522
2411,19,522
2412,36,522
2413,35,522
2414,33,523
2415,24,523
2416,38,523
2417,8,524
2418,30,524
2419,37,524
2420,40,524
2421,33,525
2422,13,525
2423,26,525
2424,39,525
2425,10,525
2426,29,525
2427,10,526
2428,10,527
2429,12,527
2430,25,527
2431,35,527
2432,31,528
2433,26,528
2434,39,528
2435,10,528
2436,22,528
2437,31,529
2438,13,529
2439,10,529
2440,22,529
2441,19,529
2442,38,529
2443,26,530
2444,24,530
2445,38,530
2446,13,531
2447,39,531
2448,5,531
2449,41,531
2450,13,532
2451,26,532
2452,3,532
2453,8,532
2454,10,532
2455,19,532
2456,38,532
2457,13,533
2458,24,533
2459,38,533
2460,8,534
2461,10,534
2462,15,534
2463,40,534
2464,35,534
2465,8,535
2466,10,535
2467,30,535
2468,37,535
2469,40,535
2470,13,536
2471,8,536
2472,10,536
2473,19,536
2474,13,537
2475,10,537
2476,24,537
2477,38,537
2478,40,537
2479,41,537
2480,24,538
2481,38,538
2482,40,538
2483,41,538
2484,2,539
2485,27,539
2486,30,539
2487,38,539
2488,40,539
2489,33,540
2490,13,540
2491,39,540
2492,21,540
2493,13,541
2494,39,541
2495,5,541
2496,18,541
2497,24,541
2498,38,541
2499,40,541
2500,41,541
2501,13,542
2502,39,542
2503,20,542
2504,33,543
2505,16,543
2506,24,543
2507,38,543
2508,40,543
2509,24,544
2510,38,544
2511,40,544
2512,13,545
2513,26,545
2514,39,545
2515,3,545
2516,19,545
2517,38,545
2518,33,546
2519,13,546
2520,39,546
2521,22,546
2522,10,547
2523,29,547
2524,26,548
2525,3,548
2526,10,548
2527,24,548
2528,19,548
2529,40,548
2530,9,549
2531,10,549
2532,27,549
2533,19,549
2534,38,549
2535,40,549
2536,9,550
2537,10,550
2538,27,550
2539,19,550
2540,38,550
2541,40,550
2542,13,551
2543,5,551
2544,24,551
2545,30,551
2546,40,551
2547,41,551
2548,13,552
2549,29,552
2550,40,553
2551,10,554
2552,15,554
2553,35,554
2554,13,555
2555,26,555
2556,5,555
2557,7,555
2558,19,555
2559,38,555
2560,40,555
2561,41,555
2562,33,556
2563,13,556
2564,24,556
2565,37,556
2566,13,557
2567,26,557
2568,13,558
2569,26,558
2570,26,559
2571,39,559
2572,5,559
2573,34,560
2574,31,560
2575,10,560
2576,24,560
2577,38,560
2578,26,561
2579,2,561
2580,24,561
2581,38,561
2582,40,561
2583,13,562
2584,39,562
2585,20,562
2586,33,563
2587,7,563
2588,19,563
2589,38,563
2590,40,563
2591,16,564
2592,24,564
2593,19,564
2594,30,564
2595,40,564
2596,41,564
2597,8,565
2598,24,565
2599,19,565
2600,38,565
2601,40,565
2602,33,566
2603,13,566
2604,26,566
2605,10,566
2606,13,567
2607,26,567
2608,39,567
2609,38,567
2610,33,568
2611,13,568
2612,26,568
2613,5,568
2614,19,568
2615,13,569
2616,16,569
2617,30,569
2618,37,569
2619,38,569
2620,40,569
2621,33,570
2622,13,570
2623,8,570
2624,10,570
2625,15,570
2626,19,570
2627,40,570
2628,13,571
2629,26,571
2630,8,571
2631,10,571
2632,25,571
2633,13,572
2634,26,572
2635,39,572
2636,5,572
2637,10,572
2638,41,572
2639,33,573
2640,13,573
2641,39,573
2642,5,573
2643,37,573
2644,41,573
2645,13,574
2646,39,574
2647,10,574
2648,24,574
2649,19,574
2650,37,574
2651,33,575
2652,24,575
2653,19,575
2654,36,575
2655,40,575
2656,41,575
2657,33,576
2658,13,576
2659,6,576
2660,24,576
2661,38,576
2662,40,576
2663,13,577
2664,1,577
2665,8,577
2666,10,577
2667,24,577
2668,25,577
2669,38,577
2670,26,578
2671,39,578
2672,10,578
2673,38,578
2674,40,578
2675,13,579
2676,24,579
2677,37,579
2678,38,579
2679,40,579
2680,32,580
2681,13,580
2682,39,580
2683,24,581
2684,38,581
2685,40,581
2686,13,582
2687,5,582
2688,18,582
2689,37,582
2690,40,582
2691,41,582
2692,33,583
2693,13,583
2694,39,583
2695,22,583
2696,26,584
2697,10,584
2698,37,584
2699,40,584
2700,41,584
2701,13,585
2702,39,585
2703,2,585
2704,5,585
2705,16,585
2706,24,585
2707,30,585
2708,38,585
2709,40,585
2710,41,585
2711,39,586
2712,8,586
2713,24,586
2714,19,586
2715,30,586
2716,37,586
2717,38,586
2718,40,586
2719,35,586
2720,34,587
2721,13,587
2722,26,587
2723,10,587
2724,33,588
2725,7,588
2726,24,588
2727,40,588
2728,24,589
2729,25,589
2730,35,589
2731,33,590
2732,13,590
2733,22,590
2734,33,591
2735,13,591
2736,26,591
2737,39,591
2738,10,591
2739,22,591
2740,13,592
2741,26,592
2742,39,592
2743,2,592
2744,5,592
2745,24,592
2746,30,592
2747,41,592
2748,31,593
2749,13,593
2750,26,593
2751,39,593
2752,5,593
2753,20,593
2754,16,594
2755,24,594
2756,19,594
2757,30,594
2758,40,594
2759,41,594
2760,33,595
2761,13,595
2762,21,595
2763,27,595
2764,37,595
2765,38,595
2766,40,595
2767,34,596
2768,13,596
2769,26,596
2770,10,596
2771,33,597
2772,10,597
2773,25,597
2774,19,597
2775,40,597
2776,35,597
2777,33,598
2778,7,598
2779,19,598
2780,38,598
2781,40,598
2782,13,599
2783,26,599
2784,39,599
2785,30,599
2786,38,599
2787,33,600
2788,39,600
2789,24,600
2790,38,600
2791,40,600
2792,13,601
2793,5,601
2794,21,601
2795,24,601
2796,19,601
2797,38,601
2798,40,601
2799,41,601
2800,32,602
2801,13,602
2802,39,602
2803,10,602
2804,21,602
2805,13,603
2806,5,603
2807,21,603
2808,24,603
2809,19,603
2810,38,603
2811,40,603
2812,41,603
2813,31,604
2814,26,604
2815,39,604
2816,10,604
2817,13,605
2818,26,605
2819,39,605
2820,5,605
2821,41,605
2822,33,606
2823,13,606
2824,26,606
2825,5,606
2826,19,606
2827,13,607
2828,26,607
2829,8,607
2830,10,607
2831,16,608
2832,19,608
2833,38,608
2834,40,608
2835,9,609
2836,39,609
2837,10,609
2838,29,609
2839,13,610
2840,22,610
2841,13,611
2842,39,611
2843,10,611
2844,29,611
2845,41,611
2846,26,612
2847,39,612
2848,24,612
2849,19,612
2850,38,612
2851,40,612
2852,33,613
2853,8,613
2854,24,613
2855,40,613
2856,33,614
2857,19,614
2858,36,614
2859,37,614
2860,40,614
2861,10,615
2862,18,615
2863,24,615
2864,30,615
2865,37,615
2866,40,615
2867,31,616
2868,13,616
2869,10,616
2870,22,616
2871,19,616
2872,38,616
2873,33,617
2874,13,617
2875,39,617
2876,22,617
2877,8,618
2878,19,618
2879,37,618
2880,33,619
2881,13,619
2882,26,619
2883,10,619
2884,13,620
2885,5,620
2886,18,620
2887,37,620
2888,40,620
2889,41,620
2890,13,621
2891,7,621
2892,19,621
2893,38,621
2894,33,622
2895,13,622
2896,39,622
2897,10,623
2898,25,623
2899,37,623
2900,35,623
2901,4,624
2902,24,624
2903,37,624
2904,40,624
2905,13,625
2906,18,625
2907,37,625
2908,40,625
2909,13,626
2910,18,626
2911,37,626
2912,40,626
2913,10,627
2914,20,627
2915,24,627
2916,37,627
2917,40,627
2918,13,628
2919,24,628
2920,37,628
2921,38,628
2922,40,628
2923,13,629
2924,39,629
2925,5,629
2926,21,629
2927,4,630
2928,10,630
2929,12,630
2930,40,630
2931,24,631
2932,30,631
2933,38,631
2934,40,631
2935,41,631
2936,32,632
2937,13,632
2938,39,632
2939,33,633
2940,13,633
2941,21,633
2942,38,633
2943,40,633
2944,13,634
2945,39,634
2946,10,634
2947,19,634
2948,33,635
2949,24,635
2950,38,635
2951,40,635
2952,33,636
2953,13,636
2954,21,636
2955,27,636
2956,37,636
2957,38,636
2958,40,636
2959,13,637
2960,26,637
2961,39,637
2962,5,637
2963,8,637
2964,10,637
2965,41,637
2966,26,638
2967,10,638
2968,18,638
2969,37,638
2970,38,638
2971,40,638
2972,33,639
2973,13,639
2974,10,639
2975,22,639
2976,24,640
2977,38,640
2978,40,640
2979,33,641
2980,13,641
2981,5,641
2982,21,641
2983,13,642
2984,26,642
2985,39,642
2986,5,642
2987,41,642
2988,33,643
2989,39,643
2990,29,643
2991,33,644
2992,7,644
2993,24,644
2994,40,644
2995,33,645
2996,13,645
2997,39,645
2998,2,645
2999,30,645
3000,37,645
3001,40,645
3002,41,645
3003,33,646
3004,13,646
3005,39,646
3006,2,646
3007,30,646
3008,37,646
3009,40,646
3010,41,646
3011,9,647
3012,10,647
3013,27,647
3014,19,647
3015,38,647
3016,40,647
3017,33,648
3018,39,648
3019,29,648
3020,13,649
3021,24,649
3022,38,649
3023,40,649
3024,13,650
3025,26,650
3026,39,650
3027,10,650
3028,19,650
3029,33,651
3030,13,651
3031,26,651
3032,10,651
3033,33,652
3034,26,652
3035,39,652
3036,8,652
3037,10,652
3038,19,652
3039,36,652
3040,33,653
3041,13,653
3042,8,653
3043,10,653
3044,24,653
3045,15,653
3046,19,653
3047,30,653
3048,38,653
3049,40,653
3050,33,654
3051,8,654
3052,10,654
3053,25,654
3054,38,654
3055,40,654
3056,4,655
3057,24,655
3058,40,655
3059,33,656
3060,13,656
3061,26,656
3062,39,656
3063,5,656
3064,10,656
3065,37,656
3066,41,656
3067,10,657
3068,17,657
3069,40,657
3070,13,658
3071,8,658
3072,10,658
3073,19,658
3074,38,658
3075,41,658
3076,33,659
3077,13,659
3078,26,659
3079,19,659
3080,13,660
3081,26,660
3082,39,660
3083,13,661
3084,26,661
3085,19,661
3086,41,661
3087,8,662
3088,10,662
3089,24,662
3090,25,662
3091,36,662
3092,37,662
3093,38,662
3094,33,663
3095,13,663
3096,26,663
3097,19,663
3098,36,663
3099,38,663
3100,41,663
3101,16,664
3102,19,664
3103,38,664
3104,40,664
3105,26,665
3106,39,665
3107,37,665
3108,40,665
3109,31,666
3110,26,666
3111,39,666
3112,10,666
3113,22,666
3114,31,667
3115,13,667
3116,26,667
3117,38,667
3118,8,668
3119,19,668
3120,30,668
3121,38,668
3122,40,668
3123,39,669
3124,8,669
3125,10,669
3126,18,669
3127,37,669
3128,31,670
3129,26,670
3130,19,670
3131,38,670
3132,13,671
3133,26,671
3134,5,671
3135,24,671
3136,38,671
3137,41,671
3138,4,672
3139,24,672
3140,40,672
3141,39,673
3142,8,673
3143,22,673
3144,24,673
3145,31,674
3146,13,674
3147,10,674
3148,22,674
3149,19,674
3150,38,674
3151,13,675
3152,26,675
3153,39,675
3154,10,675
3155,9,676
3156,26,676
3157,39,676
3158,10,676
3159,20,676
3160,31,677
3161,13,677
3162,26,677
3163,39,677
3164,22,677
3165,39,678
3166,8,678
3167,10,678
3168,19,678
3169,36,678
3170,26,679
3171,24,679
3172,37,679
3173,38,679
3174,40,679
3175,33,680
3176,13,680
3177,3,680
3178,8,680
3179,24,680
3180,15,680
3181,19,680
3182,30,680
3183,38,680
3184,40,680
3185,9,681
3186,39,681
3187,10,681
3188,29,681
3189,13,682
3190,22,682
3191,38,682
3192,13,683
3193,24,683
3194,38,683
3195,40,683
3196,11,683
3197,13,684
3198,39,684
3199,3,684
3200,5,684
3201,19,684
3202,38,684
3203,40,684
3204,41,684
3205,13,685
3206,7,685
3207,21,685
3208,19,685
3209,38,685
3210,26,686
3211,39,686
3212,16,686
3213,24,686
3214,19,686
3215,40,686
3216,13,687
3217,26,687
3218,39,687
3219,5,687
3220,29,687
3221,41,687
3222,33,688
3223,13,688
3224,16,688
3225,24,688
3226,38,688
3227,40,688
3228,26,689
3229,10,689
3230,24,689
3231,37,689
3232,40,689
3233,41,689
3234,26,690
3235,39,690
3236,41,690
3237,13,691
3238,26,691
3239,33,692
3240,26,692
3241,39,692
3242,10,692
3243,25,692
3244,4,693
3245,10,693
3246,12,693
3247,40,693
3248,13,694
3249,39,694
3250,31,695
3251,13,695
3252,39,695
3253,3,695
3254,38,695
3255,30,696
3256,37,696
3257,38,696
3258,40,696
3259,31,697
3260,13,697
3261,26,697
3262,39,697
3263,5,697
3264,20,697
3265,13,698
3266,3,698
3267,7,698
3268,24,698
3269,19,698
3270,40,698
3271,26,699
3272,10,699
3273,38,699
3274,24,700
3275,30,700
3276,37,700
3277,38,700
3278,40,700
3279,13,701
3280,26,701
3281,39,701
3282,5,701
3283,38,701
3284,13,702
3285,26,702
3286,3,702
3287,8,702
3288,24,702
3289,19,702
3290,38,702
3291,33,703
3292,13,703
3293,26,703
3294,5,703
3295,19,703
3296,13,704
3297,26,704
3298,10,704
3299,39,705
3300,16,705
3301,24,705
3302,37,705
3303,38,705
3304,40,705
3305,26,706
3306,7,706
3307,16,706
3308,24,706
3309,38,706
3310,18,707
3311,24,707
3312,37,707
3313,40,707
3314,13,708
3315,39,708
3316,22,708
3317,39,709
3318,38,709
3319,40,709
3320,41,709
3321,13,710
3322,39,710
3323,10,710
3324,29,710
3325,13,711
3326,39,711
3327,24,711
3328,30,711
3329,37,711
3330,40,711
3331,41,711
3332,13,712
3333,26,712
3334,38,712
3335,41,712
3336,13,713
3337,26,713
3338,39,713
3339,5,713
3340,7,713
3341,38,713
3342,40,713
3343,41,713
3344,33,714
3345,10,714
3346,37,714
3347,38,714
3348,40,714
3349,13,715
3350,24,715
3351,38,715
3352,40,715
3353,13,716
3354,26,716
3355,39,716
3356,5,716
3357,41,716
3358,13,717
3359,26,717
3360,39,717
3361,22,717
3362,39,718
3363,8,718
3364,15,718
3365,25,718
3366,36,718
3367,35,718
3368,16,719
3369,24,719
3370,19,719
3371,38,719
3372,40,719
3373,33,720
3374,13,720
3375,26,720
3376,39,720
3377,5,720
3378,16,720
3379,19,720
3380,38,720
3381,40,720
3382,41,720
3383,33,721
3384,39,721
3385,19,721
3386,37,721
3387,40,721
3388,8,722
3389,37,722
3390,40,722
3391,13,723
3392,26,723
3393,39,723
3394,13,724
3395,26,724
3396,39,724
3397,5,724
3398,16,724
3399,38,724
3400,40,724
3401,41,724
3402,13,725
3403,22,725
3404,33,726
3405,13,726
3406,26,726
3407,19,726
3408,38,726
3409,41,726
3410,13,727
3411,26,727
3412,39,727
3413,38,727
3414,41,727
3415,13,728
3416,26,728
3417,39,728
3418,31,729
3419,13,729
3420,26,729
3421,39,729
3422,26,730
3423,39,730
3424,16,730
3425,19,730
3426,37,730
3427,38,730
3428,40,730
3429,33,731
3430,16,731
3431,24,731
3432,38,731
3433,40,731
3434,8,732
3435,10,732
3436,24,732
3437,37,732
3438,13,733
3439,24,733
3440,38,733
3441,41,733
3442,33,734
3443,13,734
3444,39,734
3445,10,734
3446,22,734
3447,13,735
3448,8,735
3449,19,735
3450,38,735
3451,33,736
3452,13,736
3453,26,736
3454,39,736
3455,5,736
3456,33,737
3457,26,737
3458,39,737
3459,10,737
3460,20,737
3461,33,738
3462,13,738
3463,24,738
3464,38,738
3465,40,738
3466,37,739
3467,38,739
3468,40,739
3469,23,740
3470,25,740
3471,37,740
3472,40,740
3473,35,740
3474,13,741
3475,26,741
3476,39,741
3477,5,741
3478,10,741
3479,33,742
3480,13,742
3481,39,742
3482,41,742
3483,5,743
3484,23,743
3485,24,743
3486,40,743
3487,41,743
3488,26,744
3489,5,744
3490,16,744
3491,24,744
3492,38,744
3493,41,744
3494,13,745
3495,39,745
3496,2,745
3497,5,745
3498,24,745
3499,30,745
3500,38,745
3501,40,745
3502,41,745
3503,14,746
3504,36,746
3505,37,746
3506,40,746
3507,13,747
3508,26,747
3509,10,747
3510,37,747
3511,10,748
3512,25,748
3513,36,748
3514,38,748
3515,35,748
3516,13,749
3517,39,749
3518,16,749
3519,38,749
3520,41,749
3521,31,750
3522,13,750
3523,26,750
3524,39,750
3525,10,750
3526,17,751
3527,29,751
3528,26,752
3529,14,752
3530,18,752
3531,37,752
3532,40,752
3533,13,753
3534,24,753
3535,38,753
3536,40,753
3537,13,754
3538,39,754
3539,10,754
3540,29,754
3541,13,755
3542,37,755
3543,13,756
3544,26,756
3545,39,756
3546,31,757
3547,26,757
3548,24,757
3549,38,757
3550,18,758
3551,37,758
3552,40,758
3553,2,759
3554,24,759
3555,38,759
3556,40,759
3557,13,760
3558,16,760
3559,38,760
3560,33,761
3561,13,761
3562,8,761
3563,19,761
3564,40,761
3565,33,762
3566,30,762
3567,38,762
3568,40,762
3569,10,763
3570,25,763
3571,36,763
3572,38,763
3573,40,763
3574,35,763
3575,10,764
3576,25,764
3577,36,764
3578,37,764
3579,40,764
3580,26,765
3581,10,765
3582,20,765
3583,33,766
3584,13,766
3585,39,766
3586,21,766
3587,37,766
3588,13,767
3589,22,767
3590,30,767
3591,37,767
3592,32,768
3593,13,768
3594,39,768
3595,38,768
3596,40,768
3597,13,769
3598,26,769
3599,39,769
3600,5,769
3601,41,769
3602,33,770
3603,13,770
3604,21,770
3605,27,770
3606,37,770
3607,38,770
3608,40,770
3609,26,771
3610,5,771
3611,10,771
3612,25,771
3613,35,771
3614,16,772
3615,24,772
3616,19,772
3617,38,772
3618,40,772
3619,33,773
3620,13,773
3621,26,773
3622,39,773
3623,3,773
3624,5,773
3625,38,773
3626,13,774
3627,26,774
3628,39,774
3629,5,774
3630,41,774
3631,13,775
3632,26,775
3633,39,775
3634,29,775
3635,41,775
3636,32,776
3637,38,776
3638,40,776
3639,41,776
3640,13,777
3641,8,777
3642,10,777
3643,24,777
3644,19,777
3645,30,777
3646,37,777
3647,41,777
3648,8,778
3649,19,778
3650,36,778
3651,37,778
3652,40,778
3653,31,779
3654,13,779
3655,26,779
3656,39,779
3657,5,779
3658,20,779
3659,31,780
3660,26,780
3661,3,780
3662,5,780
3663,7,780
3664,19,780
3665,38,780
3666,8,781
3667,24,781
3668,19,781
3669,38,781
3670,40,781
3671,33,782
3672,13,782
3673,8,782
3674,10,782
3675,24,782
3676,15,782
3677,19,782
3678,30,782
3679,38,782
3680,40,782
3681,33,783
3682,13,783
3683,26,783
3684,39,783
3685,5,783
3686,10,783
3687,37,783
3688,41,783
3689,13,784
3690,21,784
3691,38,784
3692,41,784
3693,13,785
3694,26,785
3695,39,785
3696,5,785
3697,7,785
3698,38,785
3699,40,785
3700,41,785
3701,33,786
3702,13,786
3703,39,786
3704,29,786
3705,13,787
3706,26,787
3707,5,787
3708,7,787
3709,38,787
3710,40,787
3711,41,787
3712,31,788
3713,13,788
3714,26,788
3715,31,789
3716,13,789
3717,39,789
3718,3,789
3719,38,789
3720,13,790
3721,39,790
3722,13,791
3723,39,791
3724,41,791
3725,13,792
3726,26,792
3727,39,792
3728,33,793
3729,13,793
3730,39,793
3731,37,793
3732,40,793
3733,13,794
3734,3,794
3735,8,794
3736,19,794
3737,38,794
3738,39,795
3739,8,795
3740,22,795
3741,25,795
3742,36,795
3743,35,795
3744,26,796
3745,39,796
3746,16,796
3747,38,796
3748,40,796
3749,41,796
3750,33,797
3751,24,797
3752,38,797
3753,40,797
3754,13,798
3755,26,798
3756,5,798
3757,10,798
3758,19,798
3759,38,798
3760,40,798
3761,41,798
3762,33,799
3763,3,799
3764,10,799
3765,19,799
3766,38,799
3767,40,799
3768,26,800
3769,39,800
3770,5,800
3771,19,800
3772,38,800
3773,40,800
3774,41,800
3775,10,801
3776,24,801
3777,15,801
3778,40,801
3779,13,802
3780,39,802
3781,22,802
3782,8,803
3783,24,803
3784,19,803
3785,38,803
3786,40,803
3787,33,804
3788,13,804
3789,24,804
3790,38,804
3791,40,804
3792,31,805
3793,13,805
3794,26,805
3795,38,805
3796,13,806
3797,26,806
3798,5,806
3799,7,806
3800,38,806
3801,40,806
3802,41,806
3803,33,807
3804,13,807
3805,3,807
3806,30,807
3807,37,807
3808,38,807
3809,40,807
3810,33,808
3811,13,808
3812,39,808
3813,6,808
3814,41,808
3815,14,809
3816,18,809
3817,37,809
3818,40,809
3819,13,810
3820,24,810
3821,38,810
3822,40,810
3823,24,811
3824,38,811
3825,40,811
3826,13,812
3827,26,812
3828,10,812
3829,37,812
3830,13,813
3831,26,813
3832,5,813
3833,38,813
3834,41,813
3835,33,814
3836,13,814
3837,26,814
3838,39,814
3839,5,814
3840,8,814
3841,19,814
3842,38,814
3843,13,815
3844,39,815
3845,33,816
3846,13,816
3847,26,816
3848,39,816
3849,5,816
3850,33,817
3851,3,817
3852,10,817
3853,19,817
3854,38,817
3855,40,817
3856,24,818
3857,38,818
3858,40,818
3859,33,819
3860,13,819
3861,39,819
3862,37,819
3863,40,819
3864,26,820
3865,39,820
3866,5,820
3867,18,820
3868,37,820
3869,40,820
3870,41,820
3871,14,821
3872,36,821
3873,37,821
3874,40,821
3875,13,822
3876,24,822
3877,27,822
3878,38,822
3879,40,822
3880,33,823
3881,13,823
3882,39,823
3883,29,823
3884,10,824
3885,29,824
3886,13,825
3887,2,825
3888,8,825
3889,19,825
3890,30,825
3891,40,825
3892,13,826
3893,8,826
3894,10,826
3895,23,826
3896,15,826
3897,13,827
3898,26,827
3899,38,827
3900,31,828
3901,13,828
3902,26,828
3903,5,828
3904,20,828
3905,16,829
3906,38,829
3907,40,829
3908,33,830
3909,39,830
3910,16,830
3911,36,830
3912,38,830
3913,40,830
3914,4,831
3915,10,831
3916,35,831
3917,13,832
3918,8,832
3919,10,832
3920,25,832
3921,36,832
3922,35,832
3923,13,833
3924,26,833
3925,39,833
3926,41,833
3927,13,834
3928,21,834
3929,27,834
3930,13,835
3931,39,835
3932,13,836
3933,26,836
3934,39,836
3935,10,836
3936,37,836
3937,13,837
3938,39,837
3939,5,837
3940,38,837
3941,40,837
3942,41,837
3943,33,838
3944,13,838
3945,39,838
3946,10,838
3947,19,838
3948,30,838
3949,37,838
3950,33,839
3951,13,839
3952,8,839
3953,24,839
3954,15,839
3955,19,839
3956,30,839
3957,38,839
3958,40,839
3959,33,840
3960,13,840
3961,39,840
3962,29,840
3963,33,841
3964,13,841
3965,29,841
3966,41,841
3967,33,842
3968,3,842
3969,8,842
3970,38,842
3971,40,842
3972,33,843
3973,13,843
3974,39,843
3975,6,843
3976,41,843
3977,13,844
3978,26,844
3979,39,844
3980,5,844
3981,16,844
3982,37,844
3983,38,844
3984,40,844
3985,41,844
3986,9,845
3987,10,845
3988,12,845
3989,33,846
3990,13,846
3991,7,846
3992,16,846
3993,24,846
3994,38,846
3995,40,846
3996,26,847
3997,39,847
3998,5,847
3999,18,847
4000,38,847
4001,40,847
4002,41,847
4003,31,848
4004,13,848
4005,10,848
4006,22,848
4007,19,848
4008,38,848
4009,33,849
4010,13,849
4011,39,849
4012,30,849
4013,37,849
4014,40,849
4015,8,850
4016,24,850
4017,19,850
4018,38,850
4019,40,850
4020,31,851
4021,26,851
4022,39,851
4023,10,851
4024,37,851
4025,13,852
4026,8,852
4027,10,852
4028,23,852
4029,15,852
4030,13,853
4031,39,853
4032,22,853
4033,10,854
4034,22,854
4035,29,854
4036,13,855
4037,22,855
4038,41,855
4039,13,856
4040,16,856
4041,21,856
4042,24,856
4043,38,856
4044,11,856
4045,33,857
4046,13,857
4047,22,857
4048,10,858
4049,36,858
4050,38,858
4051,40,858
4052,33,859
4053,13,859
4054,39,859
4055,22,859
4056,33,860
4057,13,860
4058,39,860
4059,30,860
4060,37,860
4061,40,860
4062,13,861
4063,5,861
4064,7,861
4065,21,861
4066,38,861
4067,40,861
4068,41,861
4069,13,862
4070,8,862
4071,24,862
4072,19,862
4073,30,862
4074,37,862
4075,40,862
4076,8,863
4077,10,863
4078,25,863
4079,19,863
4080,37,863
4081,35,863
4082,8,864
4083,23,864
4084,15,864
4085,25,864
4086,37,864
4087,40,864
4088,35,864
4089,33,865
4090,13,865
4091,21,865
4092,27,865
4093,37,865
4094,38,865
4095,40,865
4096,13,866
4097,26,866
4098,39,866
4099,5,866
4100,18,867
4101,37,867
4102,38,867
4103,40,867
4104,32,868
4105,26,868
4106,10,868
4107,31,869
4108,8,869
4109,10,869
4110,30,869
4111,37,869
4112,38,869
4113,10,870
4114,9,871
4115,26,871
4116,10,871
4117,31,872
4118,26,872
4119,39,872
4120,10,872
4121,20,872
4122,13,873
4123,24,873
4124,38,873
4125,40,873
4126,39,874
4127,16,874
4128,18,874
4129,38,874
4130,40,874
4131,11,874
4132,33,875
4133,13,875
4134,26,875
4135,39,875
4136,10,875
4137,29,875
4138,13,876
4139,26,876
4140,31,877
4141,13,877
4142,10,877
4143,22,877
4144,19,877
4145,38,877
4146,39,878
4147,8,878
4148,10,878
4149,19,878
4150,36,878
4151,38,878
4152,35,878
4153,13,879
4154,24,879
4155,19,879
4156,40,879
4157,41,879
4158,34,880
4159,13,880
4160,26,880
4161,39,880
4162,10,880
4163,39,881
4164,8,881
4165,10,881
4166,19,881
4167,30,881
4168,38,881
4169,10,882
4170,25,882
4171,37,882
4172,40,882
4173,13,883
4174,26,883
4175,10,883
4176,41,883
4177,33,884
4178,13,884
4179,39,884
4180,5,884
4181,40,884
4182,41,884
4183,13,885
4184,39,885
4185,16,885
4186,38,885
4187,40,885
4188,33,886
4189,13,886
4190,21,886
4191,27,886
4192,37,886
4193,38,886
4194,40,886
4195,33,887
4196,39,887
4197,7,887
4198,24,887
4199,38,887
4200,40,887
4201,10,888
4202,22,888
4203,29,888
4204,13,889
4205,26,889
4206,39,889
4207,5,889
4208,19,889
4209,38,889
4210,41,889
4211,13,890
4212,26,890
4213,39,890
4214,5,890
4215,41,890
4216,13,891
4217,26,891
4218,39,891
4219,5,891
4220,41,891
4221,8,892
4222,12,892
4223,40,892
4224,9,893
4225,10,893
4226,12,893
4227,13,894
4228,39,894
4229,10,894
4230,22,894
4231,19,894
4232,38,894
4233,8,895
4234,24,895
4235,19,895
4236,38,895
4237,33,896
4238,13,896
4239,26,896
4240,39,896
4241,10,896
4242,20,896
4243,41,896
4244,33,897
4245,10,897
4246,16,897
4247,24,897
4248,38,897
4249,40,897
4250,31,898
4251,26,898
4252,12,898
4253,38,898
4254,33,899
4255,13,899
4256,26,899
4257,39,899
4258,13,900
4259,26,900
4260,10,900
4261,13,901
4262,26,901
4263,5,901
4264,16,901
4265,24,901
4266,38,901
4267,11,901
4268,13,902
4269,16,902
4270,22,902
4271,37,902
4272,38,902
4273,33,903
4274,13,903
4275,39,903
4276,6,903
4277,41,903
4278,33,904
4279,13,904
4280,26,904
4281,39,904
4282,5,904
4283,41,904
4284,13,905
4285,22,905
4286,8,906
4287,10,906
4288,37,906
4289,38,906
4290,40,906
4291,28,907
4292,26,907
4293,39,907
4294,10,907
4295,25,907
4296,33,908
4297,13,908
4298,7,908
4299,16,908
4300,38,908
4301,40,908
4302,13,909
4303,16,909
4304,21,909
4305,24,909
4306,38,909
4307,11,909
4308,13,910
4309,39,910
4310,19,910
4311,38,910
4312,40,910
4313,41,910
4314,28,911
4315,18,911
4316,37,911
4317,40,911
4318,33,912
4319,10,912
4320,37,912
4321,38,912
4322,40,912
4323,35,912
4324,33,913
4325,39,913
4326,8,913
4327,10,913
4328,25,913
4329,13,914
4330,33,915
4331,13,915
4332,2,915
4333,24,915
4334,37,915
4335,38,915
4336,40,915
4337,33,916
4338,13,916
4339,3,916
4340,30,916
4341,37,916
4342,38,916
4343,40,916
4344,13,917
4345,39,917
4346,3,917
4347,38,917
4348,13,918
4349,22,918
4350,38,918
4351,13,919
4352,39,919
4353,10,919
4354,19,919
4355,38,919
4356,31,920
4357,13,920
4358,39,920
4359,22,920
4360,1,921
4361,7,921
4362,19,921
4363,36,921
4364,38,921
4365,40,921
4366,13,922
4367,5,922
4368,10,922
4369,41,922
4370,28,923
4371,26,923
4372,3,923
4373,10,923
4374,19,923
4375,38,923
4376,40,923
4377,26,924
4378,10,924
4379,24,924
4380,38,924
4381,40,924
4382,13,925
4383,26,925
4384,5,925
4385,21,925
4386,24,925
4387,38,925
4388,40,925
4389,28,926
4390,37,926
4391,40,926
4392,41,926
4393,28,927
4394,10,927
4395,25,927
4396,36,927
4397,38,927
4398,40,927
4399,35,927
4400,31,928
4401,10,928
4402,24,928
4403,25,928
4404,40,928
4405,35,928
4406,33,929
4407,13,929
4408,26,929
4409,5,929
4410,8,929
4411,19,929
4412,38,929
4413,41,929
4414,33,930
4415,32,930
4416,10,930
4417,15,930
4418,25,930
4419,36,930
4420,35,930
4421,24,931
4422,37,931
4423,38,931
4424,40,931
4425,5,932
4426,16,932
4427,24,932
4428,38,932
4429,11,932
4430,33,933
4431,13,933
4432,21,933
4433,27,933
4434,37,933
4435,38,933
4436,40,933
4437,13,934
4438,26,934
4439,41,934
4440,13,935
4441,39,935
4442,10,935
4443,29,935
4444,33,936
4445,13,936
4446,39,936
4447,30,936
4448,37,936
4449,40,936
4450,10,937
4451,14,937
4452,36,937
4453,37,937
4454,40,937
4455,13,938
4456,26,938
4457,39,938
4458,5,938
4459,7,938
4460,38,938
4461,40,938
4462,41,938
4463,28,939
4464,26,939
4465,10,939
4466,13,940
4467,38,940
4468,41,940
4469,13,941
4470,26,941
4471,9,942
4472,26,942
4473,10,942
4474,38,942
4475,3,943
4476,19,943
4477,36,943
4478,40,943
4479,33,944
4480,7,944
4481,16,944
4482,24,944
4483,38,944
4484,40,944
4485,33,945
4486,16,945
4487,24,945
4488,38,945
4489,40,945
4490,33,946
4491,13,946
4492,22,946
4493,13,947
4494,38,947
4495,40,947
4496,26,948
4497,39,948
4498,10,948
4499,16,948
4500,38,948
4501,33,949
4502,13,949
4503,39,949
4504,10,949
4505,19,949
4506,30,949
4507,37,949
4508,10,950
4509,41,950
4510,33,951
4511,8,951
4512,10,951
4513,24,951
4514,40,951
4515,33,952
4516,13,952
4517,21,952
4518,27,952
4519,37,952
4520,38,952
4521,40,952
4522,28,953
4523,10,953
4524,25,953
4525,36,953
4526,38,953
4527,40,953
4528,35,953
4529,33,954
4530,13,954
4531,39,954
4532,6,954
4533,41,954
4534,24,955
4535,37,955
4536,38,955
4537,40,955
4538,24,956
4539,37,956
4540,38,956
4541,40,956
4542,32,957
4543,26,957
4544,39,957
4545,10,957
4546,10,958
4547,29,958
4548,37,958
4549,40,958
4550,3,959
4551,19,959
4552,38,959
4553,40,959
4554,13,960
4555,3,960
4556,19,960
4557,38,960
4558,13,961
4559,1,961
4560,18,961
4561,21,961
4562,37,961
4563,40,961
4564,10,962
4565,16,962
4566,25,962
4567,19,962
4568,36,962
4569,38,962
4570,33,963
4571,10,963
4572,37,963
4573,38,963
4574,40,963
4575,10,964
4576,38,964
4577,33,965
4578,13,965
4579,26,965
4580,39,965
4581,22,965
4582,13,966
4583,16,966
4584,24,966
4585,38,966
4586,40,966
4587,11,966
4588,10,967
4589,25,967
4590,37,967
4591,35,967
4592,9,968
4593,13,968
4594,26,968
4595,39,968
4596,28,969
4597,13,969
4598,41,969
4599,33,970
4600,13,970
4601,8,970
4602,24,970
4603,15,970
4604,30,970
4605,38,970
4606,40,970
4607,13,971
4608,39,971
4609,22,971
4610,29,971
4611,13,972
4612,26,972
4613,39,972
4614,5,972
4615,41,972
4616,33,973
4617,13,973
4618,39,973
4619,19,973
4620,30,973
4621,37,973
4622,23,974
4623,25,974
4624,37,974
4625,40,974
4626,35,974
4627,16,975
4628,24,975
4629,38,975
4630,40,975
4631,11,975
4632,33,976
4633,13,976
4634,24,976
4635,38,976
4636,13,977
4637,29,977
4638,41,977
4639,28,978
4640,13,978
4641,39,978
4642,41,978
4643,1,979
4644,8,979
4645,10,979
4646,25,979
4647,19,979
4648,36,979
4649,35,979
4650,33,980
4651,13,980
4652,26,980
4653,39,980
4654,41,980
4655,31,981
4656,13,981
4657,26,981
4658,39,981
4659,10,981
4660,19,981
4661,38,981
4662,33,982
4663,13,982
4664,39,982
4665,24,982
4666,38,982
4667,5,983
4668,24,983
4669,38,983
4670,40,983
4671,13,984
4672,16,984
4673,24,984
4674,38,984
4675,41,984
4676,11,984
4677,33,985
4678,8,985
4679,19,985
4680,38,985
4681,40,985
4682,33,986
4683,13,986
4684,26,986
4685,39,986
4686,5,986
4687,24,986
4688,19,986
4689,38,986
4690,41,986
4691,28,987
4692,30,987
4693,37,987
4694,40,987
4695,33,988
4696,7,988
4697,16,988
4698,24,988
4699,38,988
4700,40,988
4701,13,989
4702,39,989
4703,41,989
4704,33,990
4705,26,990
4706,39,990
4707,10,990
4708,33,991
4709,8,991
4710,14,991
4711,24,991
4712,37,991
4713,13,992
4714,24,992
4715,38,992
4716,40,992
4717,33,993
4718,39,993
4719,10,993
4720,22,993
4721,25,993
4722,38,993
4723,33,994
4724,13,994
4725,39,994
4726,6,994
4727,41,994
4728,33,995
4729,13,995
4730,39,995
4731,30,995
4732,37,995
4733,40,995
4734,13,996
4735,10,996
4736,16,996
4737,24,996
4738,38,996
4739,11,996
4740,13,997
4741,26,997
4742,33,998
4743,10,998
4744,37,998
4745,38,998
4746,40,998
4747,9,999
4748,39,999
4749,10,999
4750,29,999
4751,13,1000
4752,10,1000
4753,24,1000
4754,38,1000
4755,33,1001
4756,39,1001
4757,8,1001
4758,10,1001
4759,25,1001
4760,33,1002
4761,39,1002
4762,10,1002
4763,29,1002
4764,28,1003
4765,26,1003
4766,39,1003
4767,10,1003
4768,13,1004
4769,19,1004
4770,30,1004
4771,37,1004
4772,40,1004
4773,7,1005
4774,10,1005
4775,16,1005
4776,24,1005
4777,38,1005
4778,40,1005
4779,11,1005
4780,33,1006
4781,13,1006
4782,26,1006
4783,39,1006
4784,22,1006
4785,33,1007
4786,7,1007
4787,16,1007
4788,24,1007
4789,27,1007
4790,19,1007
4791,36,1007
4792,38,1007
4793,40,1007
4794,33,1008
4795,8,1008
4796,25,1008
4797,36,1008
4798,37,1008
4799,35,1008
4800,28,1009
4801,10,1009
4802,12,1009
4803,24,1009
4804,40,1009
4805,34,1010
4806,26,1010
4807,39,1010
4808,10,1010
4809,20,1010
4810,33,1011
4811,8,1011
4812,30,1011
4813,37,1011
4814,40,1011
4815,13,1012
4816,5,1012
4817,16,1012
4818,38,1012
4819,41,1012
4820,8,1013
4821,15,1013
4822,25,1013
4823,37,1013
4824,35,1013
4825,33,1014
4826,13,1014
4827,39,1014
4828,29,1014
4829,37,1015
4830,40,1015
4831,8,1016
4832,10,1016
4833,15,1016
4834,26,1017
4835,38,1017
4836,40,1017
4837,13,1018
4838,39,1018
4839,38,1018
4840,41,1018
4841,2,1019
4842,27,1019
4843,36,1019
4844,38,1019
4845,40,1019
4846,39,1020
4847,3,1020
4848,19,1020
4849,38,1020
4850,40,1020
4851,30,1021
4852,37,1021
4853,38,1021
4854,40,1021
4855,7,1022
4856,10,1022
4857,16,1022
4858,24,1022
4859,38,1022
4860,13,1023
4861,8,1023
4862,24,1023
4863,15,1023
4864,25,1023
4865,40,1023
4866,13,1024
4867,39,1024
4868,19,1024
4869,38,1024
4870,40,1024
4871,41,1024
4872,10,1025
4873,16,1025
4874,25,1025
4875,38,1025
4876,35,1025
4877,31,1026
4878,13,1026
4879,26,1026
4880,39,1026
4881,10,1026
4882,19,1026
4883,38,1026
4884,13,1027
4885,26,1027
4886,39,1027
4887,33,1028
4888,13,1028
4889,39,1028
4890,19,1028
4891,38,1028
4892,16,1029
4893,24,1029
4894,38,1029
4895,13,1030
4896,16,1030
4897,38,1030
4898,41,1030
4899,10,1031
4900,36,1031
4901,37,1031
4902,40,1031
4903,28,1032
4904,8,1032
4905,19,1032
4906,38,1032
4907,40,1032
4908,41,1032
4909,33,1033
4910,26,1033
4911,38,1033
4912,40,1033
4913,41,1033
4914,33,1034
4915,13,1034
4916,39,1034
4917,29,1034
4918,13,1035
4919,24,1035
4920,38,1035
4921,40,1035
4922,8,1036
4923,25,1036
4924,19,1036
4925,36,1036
4926,35,1036
4927,33,1037
4928,13,1037
4929,39,1037
4930,16,1037
4931,21,1037
4932,38,1037
4933,40,1037
4934,13,1038
4935,30,1038
4936,38,1038
4937,40,1038
4938,13,1039
4939,26,1039
4940,22,1039
4941,13,1040
4942,10,1040
4943,24,1040
4944,38,1040
4945,33,1041
4946,13,1041
4947,39,1041
4948,6,1041
4949,41,1041
4950,28,1042
4951,13,1042
4952,39,1042
4953,25,1042
4954,13,1043
4955,2,1043
4956,29,1043
4957,30,1043
4958,37,1043
4959,38,1043
4960,40,1043
4961,31,1044
4962,13,1044
4963,26,1044
4964,39,1044
4965,24,1044
4966,38,1044
4967,33,1045
4968,10,1045
4969,24,1045
4970,38,1045
4971,40,1045
4972,10,1046
4973,16,1046
4974,24,1046
4975,25,1046
4976,38,1046
4977,35,1046
4978,11,1046
4979,33,1047
4980,13,1047
4981,26,1047
4982,33,1048
4983,25,1048
4984,19,1048
4985,30,1048
4986,38,1048
4987,35,1048
4988,33,1049
4989,13,1049
4990,7,1049
4991,38,1049
4992,13,1050
4993,16,1050
4994,24,1050
4995,38,1050
4996,40,1050
4997,24,1051
4998,37,1051
4999,40,1051
5000,13,1052
5001,26,1052
5002,16,1052
5003,38,1052
5004,41,1052
5005,28,1053
5006,4,1053
5007,10,1053
5008,12,1053
5009,40,1053
5010,33,1054
5011,39,1054
5012,10,1054
5013,33,1055
5014,8,1055
5015,19,1055
5016,38,1055
5017,40,1055
5018,13,1056
5019,39,1056
5020,22,1056
5021,29,1056
5022,23,1057
5023,25,1057
5024,37,1057
5025,40,1057
5026,33,1058
5027,10,1058
5028,37,1058
5029,38,1058
5030,40,1058
5031,33,1059
5032,13,1059
5033,26,1059
5034,8,1059
5035,19,1059
5036,38,1059
5037,33,1060
5038,13,1060
5039,21,1060
5040,27,1060
5041,37,1060
5042,40,1060
5043,13,1061
5044,39,1061
5045,3,1061
5046,19,1061
5047,38,1061
5048,8,1062
5049,15,1062
5050,38,1062
5051,31,1063
5052,13,1063
5053,26,1063
5054,10,1063
5055,19,1063
5056,38,1063
5057,13,1064
5058,16,1064
5059,38,1064
5060,11,1064
5061,3,1065
5062,19,1065
5063,38,1065
5064,40,1065
5065,19,1066
5066,30,1066
5067,37,1066
5068,38,1066
5069,33,1067
5070,13,1067
5071,8,1067
5072,24,1067
5073,25,1067
5074,19,1067
5075,38,1067
5076,33,1068
5077,10,1068
5078,24,1068
5079,38,1068
5080,33,1069
5081,13,1069
5082,39,1069
5083,30,1069
5084,37,1069
5085,40,1069
5086,1,1070
5087,8,1070
5088,25,1070
5089,19,1070
5090,36,1070
5091,35,1070
5092,13,1071
5093,16,1071
5094,24,1071
5095,38,1071
5096,40,1071
5097,11,1071
5098,33,1072
5099,13,1072
5100,3,1072
5101,19,1072
5102,38,1072
5103,26,1073
5104,8,1073
5105,10,1073
5106,16,1073
5107,24,1073
5108,38,1073
5109,40,1073
5110,11,1073
5111,10,1074
5112,25,1074
5113,38,1074
5114,33,1075
5115,13,1075
5116,26,1075
5117,5,1075
5118,41,1075
5119,13,1076
5120,16,1076
5121,24,1076
5122,38,1076
5123,11,1076
5124,10,1077
5125,16,1077
5126,25,1077
5127,38,1077
5128,35,1077
5129,34,1078
5130,8,1078
5131,10,1078
5132,19,1078
5133,36,1078
5134,38,1078
5135,13,1079
5136,26,1079
5137,5,1079
5138,16,1079
5139,38,1079
5140,40,1079
5141,11,1079
5142,8,1080
5143,10,1080
5144,25,1080
5145,19,1080
5146,37,1080
5147,38,1080
5148,13,1081
5149,10,1081
5150,13,1082
5151,39,1082
5152,10,1082
5153,29,1082
5154,13,1083
5155,16,1083
5156,37,1083
5157,38,1083
5158,33,1084
5159,10,1084
5160,24,1084
5161,19,1084
5162,38,1084
5163,33,1085
5164,13,1085
5165,24,1085
5166,37,1085
5167,28,1086
5168,10,1086
5169,19,1086
5170,30,1086
5171,38,1086
5172,40,1086
5173,33,1087
5174,39,1087
5175,19,1087
5176,37,1087
5177,40,1087
5178,13,1088
5179,5,1088
5180,16,1088
5181,24,1088
5182,38,1088
5183,40,1088
5184,41,1088
5185,13,1089
5186,16,1089
5187,24,1089
5188,38,1089
5189,40,1089
5190,11,1089
5191,10,1090
5192,18,1090
5193,37,1090
5194,40,1090
5195,10,1091
5196,29,1091
5197,37,1091
5198,40,1091
5199,33,1092
5200,13,1092
5201,39,1092
5202,24,1092
5203,38,1092
5204,13,1093
5205,24,1093
5206,38,1093
5207,28,1094
5208,13,1094
5209,22,1094
5210,13,1095
5211,24,1095
5212,38,1095
5213,40,1095
5214,33,1096
5215,7,1096
5216,16,1096
5217,24,1096
5218,38,1096
5219,40,1096
5220,13,1097
5221,26,1097
5222,16,1097
5223,24,1097
5224,38,1097
5225,33,1098
5226,39,1098
5227,10,1098
5228,22,1098
5229,25,1098
5230,38,1098
5231,13,1099
5232,24,1099
5233,38,1099
5234,40,1099
5235,13,1100
5236,22,1100
5237,38,1100
5238,31,1101
5239,13,1101
5240,26,1101
5241,39,1101
5242,24,1101
5243,38,1101
5244,33,1102
5245,39,1102
5246,19,1102
5247,37,1102
5248,40,1102
5249,13,1103
5250,16,1103
5251,22,1103
5252,37,1103
5253,38,1103
5254,13,1104
5255,26,1104
5256,5,1104
5257,16,1104
5258,24,1104
5259,38,1104
5260,11,1104
5261,10,1105
5262,16,1105
5263,24,1105
5264,25,1105
5265,38,1105
5266,35,1105
5267,11,1105
5268,13,1106
5269,26,1106
5270,8,1106
5271,10,1106
5272,38,1106
5273,33,1107
5274,10,1107
5275,24,1107
5276,38,1107
5277,13,1108
5278,10,1108
5279,16,1108
5280,24,1108
5281,38,1108
5282,33,1109
5283,8,1109
5284,25,1109
5285,36,1109
5286,37,1109
5287,35,1109
5288,33,1110
5289,13,1110
5290,16,1110
5291,38,1110
5292,11,1110
5293,10,1111
5294,18,1111
5295,37,1111
5296,40,1111
5297,13,1112
5298,26,1112
5299,39,1112
5300,22,1112
5301,28,1113
5302,39,1113
5303,10,1113
5304,26,1114
5305,10,1114
5306,13,1115
5307,39,1115
5308,19,1115
5309,36,1115
5310,38,1115
5311,13,1116
5312,10,1116
5313,16,1116
5314,24,1116
5315,38,1116
5316,41,1116
5317,11,1116
5318,33,1117
5319,7,1117
5320,38,1117
5321,40,1117
5322,13,1118
5323,20,1118
5324,38,1118
5325,32,1119
5326,13,1119
5327,26,1119
5328,10,1119
5329,33,1120
5330,13,1120
5331,26,1120
5332,33,1121
5333,13,1121
5334,26,1121
5335,39,1121
5336,13,1122
5337,16,1122
5338,24,1122
5339,38,1122
5340,33,1123
5341,13,1123
5342,39,1123
5343,16,1123
5344,38,1123
5345,41,1123
5346,10,1124
5347,20,1124
5348,29,1124
5349,13,1125
5350,10,1125
5351,16,1125
5352,24,1125
5353,38,1125
5354,11,1125
5355,13,1126
5356,16,1126
5357,24,1126
5358,38,1126
5359,40,1126
5360,33,1127
5361,39,1127
5362,8,1127
5363,10,1127
5364,25,1127
5365,35,1127
5366,33,1128
5367,13,1128
5368,26,1128
5369,21,1128
5370,19,1128
5371,38,1128
5372,33,1129
5373,13,1129
5374,26,1129
5375,5,1129
5376,33,1130
5377,13,1130
5378,19,1130
5379,38,1130
5380,4,1131
5381,10,1131
5382,37,1131
5383,40,1131
5384,13,1132
5385,10,1132
5386,22,1132
5387,15,1132
5388,33,1133
5389,13,1133
5390,26,1133
5391,39,1133
5392,22,1133
5393,39,1134
5394,40,1134
5395,28,1135
5396,13,1135
5397,7,1135
5398,10,1135
5399,24,1135
5400,25,1135
5401,38,1135
5402,40,1135
5403,31,1136
5404,26,1136
5405,10,1136
5406,38,1136
5407,13,1137
5408,5,1137
5409,38,1137
5410,40,1137
5411,33,1138
5412,13,1138
5413,39,1139
5414,5,1139
5415,7,1139
5416,16,1139
5417,38,1139
5418,40,1139
5419,11,1139
5420,40,1140
5421,13,1141
5422,26,1141
5423,22,1141
5424,41,1141
5425,13,1142
5426,16,1142
5427,24,1142
5428,38,1142
5429,40,1142
5430,33,1143
5431,13,1143
5432,39,1143
5433,19,1143
5434,30,1143
5435,37,1143
5436,10,1144
5437,16,1144
5438,25,1144
5439,38,1144
5440,35,1144
5441,26,1145
5442,5,1145
5443,16,1145
5444,24,1145
5445,38,1145
5446,40,1145
5447,41,1145
5448,11,1145
5449,13,1146
5450,10,1146
5451,20,1146
5452,13,1147
5453,16,1147
5454,24,1147
5455,38,1147
5456,11,1147
5457,13,1148
5458,16,1148
5459,38,1148
5460,33,1149
5461,13,1149
5462,8,1149
5463,24,1149
5464,15,1149
5465,19,1149
5466,30,1149
5467,38,1149
5468,40,1149
5469,9,1150
5470,13,1150
5471,20,1150
5472,19,1150
5473,38,1150
5474,13,1151
5475,24,1151
5476,38,1151
5477,40,1151
5478,28,1152
5479,13,1152
5480,26,1152
5481,39,1152
5482,13,1153
5483,40,1153
5484,33,1154
5485,13,1154
5486,39,1154
5487,24,1154
5488,38,1154
5489,16,1155
5490,24,1155
5491,38,1155
5492,40,1155
5493,33,1156
5494,13,1156
5495,39,1156
5496,30,1156
5497,37,1156
5498,40,1156
5499,13,1157
5500,38,1157
5501,3,1158
5502,38,1158
5503,2,1159
5504,37,1159
5505,40,1159
